Trial Date & Time,Subject,Experiment Condition,Task,Step,Action Type,Total Time (s),#Visits,Note,Condition Code,Action Type Code, Task Name
6/8/2014 14:22,2,Epson Moverio,4,4,manipulate,,,SYSTEM CRASH,2,2,headlight
6/8/2014 14:33,2,Epson Moverio,4,4,manipulate,,,SYSTEM CRASH,2,2,headlight
6/8/2014 15:23,3,Epson Moverio,2,9,manipulate,43.371,1,"Looks at all instructions in one go, ",2,2,fuse (exterior)
6/8/2014 15:23,3,Epson Moverio,2,5,locate,41.215,1,"Looks at all instructions in one go, ",2,1,fuse (exterior)
6/8/2014 15:23,3,Epson Moverio,1,7,compare,40.55,1,"Looks at all instructions in one go, ",2,3,engine oil
6/8/2014 15:23,3,Epson Moverio,1,4,manipulate,13.93,1,"Looks at all instructions in one go, ",2,2,engine oil
6/8/2014 15:23,3,Epson Moverio,2,7,compare,11.298,1,"Looks at all instructions in one go, ",2,3,fuse (exterior)
6/8/2014 15:23,3,Epson Moverio,2,8,manipulate,6.403,1,"Looks at all instructions in one go, ",2,2,fuse (exterior)
6/8/2014 15:23,3,Epson Moverio,1,5,manipulate,5.829,1,"Looks at all instructions in one go, ",2,2,engine oil
6/8/2014 15:23,3,Epson Moverio,1,9,title,5.599,1,"Looks at all instructions in one go, ",2,0,engine oil
6/8/2014 15:23,3,Epson Moverio,2,3,manipulate,4.222,1,"Looks at all instructions in one go, ",2,2,fuse (exterior)
6/8/2014 15:23,3,Epson Moverio,2,2,locate,4.048,1,"Looks at all instructions in one go, ",2,1,fuse (exterior)
6/8/2014 15:23,3,Epson Moverio,2,1,title,3.848,1,"Looks at all instructions in one go, ",2,0,fuse (exterior)
6/8/2014 15:23,3,Epson Moverio,1,6,manipulate,3.332,1,"Looks at all instructions in one go, ",2,2,engine oil
6/8/2014 15:23,3,Epson Moverio,1,2,locate,3.275,1,"Looks at all instructions in one go, ",2,1,engine oil
6/8/2014 15:23,3,Epson Moverio,1,8,manipulate,3.177,1,"Looks at all instructions in one go, ",2,2,engine oil
6/8/2014 15:23,3,Epson Moverio,2,6,manipulate,2.951,1,"Looks at all instructions in one go, ",2,2,fuse (exterior)
6/8/2014 15:23,3,Epson Moverio,1,1,title,2.551,1,"Looks at all instructions in one go, ",2,0,engine oil
6/8/2014 15:23,3,Epson Moverio,1,3,manipulate,2.488,1,"Looks at all instructions in one go, ",2,2,engine oil
6/8/2014 15:23,3,Epson Moverio,2,4,manipulate,2.081,1,"Looks at all instructions in one go, ",2,2,fuse (exterior)
6/8/2014 15:02,3,Epson Moverio,1,1,title,,,"Looks at all instructions in one go, ",2,0,engine oil
6/8/2014 15:02,3,Epson Moverio,1,2,locate,,,"Looks at all instructions in one go, ",2,1,engine oil
6/8/2014 15:02,3,Epson Moverio,1,3,manipulate,,,"Looks at all instructions in one go, ",2,2,engine oil
6/8/2014 15:02,3,Epson Moverio,1,4,manipulate,,,"Looks at all instructions in one go, ",2,2,engine oil
6/8/2014 15:02,3,Epson Moverio,1,5,manipulate,,,"Looks at all instructions in one go, ",2,2,engine oil
6/8/2014 15:02,3,Epson Moverio,1,6,manipulate,,,"Looks at all instructions in one go, ",2,2,engine oil
6/8/2014 15:02,3,Epson Moverio,1,7,compare,,,"Looks at all instructions in one go, ",2,3,engine oil
6/8/2014 15:02,3,Epson Moverio,1,8,manipulate,,,"Looks at all instructions in one go, ",2,2,engine oil
6/8/2014 15:02,3,Epson Moverio,1,9,title,,,"Looks at all instructions in one go, ",2,0,engine oil
6/8/2014 15:02,3,Epson Moverio,2,1,title,,,"Looks at all instructions in one go, ",2,0,fuse (exterior)
6/8/2014 15:02,3,Epson Moverio,2,2,locate,,,"Looks at all instructions in one go, ",2,1,fuse (exterior)
6/8/2014 15:02,3,Epson Moverio,2,3,manipulate,,,"Looks at all instructions in one go, ",2,2,fuse (exterior)
6/8/2014 15:02,3,Epson Moverio,2,4,manipulate,,,"Looks at all instructions in one go, ",2,2,fuse (exterior)
6/8/2014 15:02,3,Epson Moverio,2,5,locate,,,"Looks at all instructions in one go, ",2,1,fuse (exterior)
6/8/2014 15:02,3,Epson Moverio,2,6,manipulate,,,"Looks at all instructions in one go, ",2,2,fuse (exterior)
6/8/2014 15:02,3,Epson Moverio,2,7,compare,,,"Looks at all instructions in one go, ",2,3,fuse (exterior)
6/8/2014 15:02,3,Epson Moverio,2,8,manipulate,,,"Looks at all instructions in one go, ",2,2,fuse (exterior)
6/8/2014 15:02,3,Epson Moverio,2,9,manipulate,,,"Looks at all instructions in one go, ",2,2,fuse (exterior)
6/8/2014 15:02,3,Epson Moverio,2,10,title,,,"Looks at all instructions in one go, ",2,0,fuse (exterior)
6/8/2014 15:23,3,Epson Moverio,2,10,title,,,"Looks at all instructions in one go, ",2,0,fuse (exterior)
6/8/2014 17:07,4,Epson Moverio,8,3,manipulate,51.768,2,,2,2,fuse (interior)
6/8/2014 17:07,4,Epson Moverio,7,6,compare,33.063,2,,2,3,battery
6/8/2014 17:07,4,Epson Moverio,8,4,locate,21.996,1,,2,1,fuse (interior)
6/8/2014 17:07,4,Epson Moverio,7,2,locate,21.923,1,,2,1,battery
6/8/2014 17:07,4,Epson Moverio,7,7,manipulate,20.692,3,,2,2,battery
6/8/2014 17:07,4,Epson Moverio,8,2,locate,16.01,3,,2,1,fuse (interior)
6/8/2014 17:07,4,Epson Moverio,7,4,manipulate,13.925,1,,2,2,battery
6/8/2014 17:07,4,Epson Moverio,7,8,manipulate,12.379,3,50 sec gap,2,2,battery
6/8/2014 17:07,4,Epson Moverio,7,3,manipulate,11.978,1,,2,2,battery
6/8/2014 17:07,4,Epson Moverio,7,5,manipulate,10.212,1,,2,2,battery
6/8/2014 17:07,4,Epson Moverio,8,8,manipulate,9.15,1,,2,2,fuse (interior)
6/8/2014 17:07,4,Epson Moverio,8,5,manipulate,5.685,1,,2,2,fuse (interior)
6/8/2014 17:07,4,Epson Moverio,8,7,manipulate,5.484,1,,2,2,fuse (interior)
6/8/2014 17:07,4,Epson Moverio,8,6,compare,5.188,1,,2,3,fuse (interior)
6/8/2014 17:07,4,Epson Moverio,8,1,title,4.415,3,,2,0,fuse (interior)
6/8/2014 17:07,4,Epson Moverio,7,9,title,3.264,3,,2,0,battery
6/8/2014 17:07,4,Epson Moverio,7,1,title,2.205,1,,2,0,battery
6/8/2014 17:07,4,Epson Moverio,8,9,title,,,,2,0,fuse (interior)
7/8/2014 10:45,5,Epson Moverio,6,5,manipulate,29.207,2,,2,2,coolant
7/8/2014 10:45,5,Epson Moverio,5,4,locate,21.731,1,,2,1,brake fluid
7/8/2014 10:45,5,Epson Moverio,5,5,compare,15.569,1,,2,3,brake fluid
7/8/2014 10:45,5,Epson Moverio,6,6,manipulate,13.444,1,,2,2,coolant
7/8/2014 10:45,5,Epson Moverio,5,3,manipulate,12.295,1,,2,2,brake fluid
7/8/2014 10:45,5,Epson Moverio,5,2,locate,9.545,1,,2,1,brake fluid
7/8/2014 10:45,5,Epson Moverio,6,2,locate,9.509,2,,2,1,coolant
7/8/2014 10:45,5,Epson Moverio,6,3,locate,7.606,3,,2,1,coolant
7/8/2014 10:45,5,Epson Moverio,5,6,manipulate,7.284,1,,2,2,brake fluid
7/8/2014 10:45,5,Epson Moverio,6,4,compare,5.49,3,,2,3,coolant
7/8/2014 10:45,5,Epson Moverio,6,1,title,2.979,1,,2,0,coolant
7/8/2014 10:45,5,Epson Moverio,5,1,title,2.684,1,,2,0,brake fluid
7/8/2014 10:45,5,Epson Moverio,5,7,title,1.666,1,,2,0,brake fluid
7/8/2014 10:45,5,Epson Moverio,6,7,title,,,,2,0,coolant
7/8/2014 14:21,6,Epson Moverio,4,2,locate,,,SYSTEM CRASH,2,1,headlight
7/8/2014 14:36,6,Epson Moverio,4,2,locate,,,SYSTEM CRASH,2,1,headlight
7/8/2014 15:23,7,Epson Moverio,2,5,locate,33.2,1,Takes time to locate,2,1,fuse (exterior)
7/8/2014 15:23,7,Epson Moverio,1,4,manipulate,15.211,1,,2,2,engine oil
7/8/2014 15:23,7,Epson Moverio,1,8,manipulate,11.833,1,,2,2,engine oil
7/8/2014 15:23,7,Epson Moverio,1,7,compare,9.831,1,,2,3,engine oil
7/8/2014 15:23,7,Epson Moverio,1,2,locate,8.681,1,,2,1,engine oil
7/8/2014 15:23,7,Epson Moverio,2,9,manipulate,8.639,1,,2,2,fuse (exterior)
7/8/2014 15:23,7,Epson Moverio,2,3,manipulate,7.788,1,,2,2,fuse (exterior)
7/8/2014 15:23,7,Epson Moverio,2,1,title,6.231,1,,2,0,fuse (exterior)
7/8/2014 15:23,7,Epson Moverio,1,3,manipulate,5.898,1,,2,2,engine oil
7/8/2014 15:23,7,Epson Moverio,2,8,manipulate,4.784,1,,2,2,fuse (exterior)
7/8/2014 15:23,7,Epson Moverio,2,7,compare,4.588,1,,2,3,fuse (exterior)
7/8/2014 15:23,7,Epson Moverio,1,5,manipulate,4.488,1,,2,2,engine oil
7/8/2014 15:23,7,Epson Moverio,1,6,manipulate,3.507,1,,2,2,engine oil
7/8/2014 15:23,7,Epson Moverio,1,1,title,3.168,1,,2,0,engine oil
7/8/2014 15:23,7,Epson Moverio,2,2,locate,3.003,1,,2,1,fuse (exterior)
7/8/2014 15:23,7,Epson Moverio,2,6,manipulate,2.602,1,,2,2,fuse (exterior)
7/8/2014 15:23,7,Epson Moverio,1,9,title,2.441,1,,2,0,engine oil
7/8/2014 15:23,7,Epson Moverio,2,4,manipulate,2.253,1,,2,2,fuse (exterior)
7/8/2014 15:23,7,Epson Moverio,2,10,title,,,,2,0,fuse (exterior)
7/8/2014 17:29,8,Epson Moverio,7,7,manipulate,,,SYSTEM CRASH,2,2,battery
7/8/2014 17:09,8,Epson Moverio,7,7,manipulate,,,SYSTEM CRASH,2,2,battery
8/8/2014 9:23,8,Epson Moverio,7,7,manipulate,,,SYSTEM CRASH,2,2,battery
8/8/2014 9:27,8,Epson Moverio,7,7,manipulate,,,SYSTEM CRASH,2,2,battery
8/8/2014 10:13,9,Epson Moverio,5,7,title,35.229,1,,2,0,brake fluid
8/8/2014 10:13,9,Epson Moverio,6,5,manipulate,30.399,1,,2,2,coolant
8/8/2014 10:13,9,Epson Moverio,5,4,locate,21.056,1,Searching long,2,1,brake fluid
8/8/2014 10:13,9,Epson Moverio,5,5,compare,20.259,1,"Removes glass to check level, Vision obstructing?",2,3,brake fluid
8/8/2014 10:13,9,Epson Moverio,5,6,manipulate,18.117,1,,2,2,brake fluid
8/8/2014 10:13,9,Epson Moverio,6,6,manipulate,14.126,1,,2,2,coolant
8/8/2014 10:13,9,Epson Moverio,6,2,locate,9.906,1,Keeps holding with one hand,2,1,coolant
8/8/2014 10:13,9,Epson Moverio,6,4,compare,9.112,1,,2,3,coolant
8/8/2014 10:13,9,Epson Moverio,6,3,locate,7.219,1,,2,1,coolant
8/8/2014 10:13,9,Epson Moverio,5,3,manipulate,5.833,1,,2,2,brake fluid
8/8/2014 10:13,9,Epson Moverio,5,2,locate,5.631,1,Keeps holding glass with one hand,2,1,brake fluid
8/8/2014 10:13,9,Epson Moverio,6,1,title,3.699,1,,2,0,coolant
8/8/2014 10:13,9,Epson Moverio,5,1,title,2.927,1,,2,0,brake fluid
8/8/2014 10:13,9,Epson Moverio,6,7,title,,,,2,0,coolant
8/8/2014 11:05,10,Epson Moverio,4,5,manipulate,56.999,1,Glasses keep falling so hold with one hand,2,2,headlight
8/8/2014 11:05,10,Epson Moverio,4,8,manipulate,41.164,1,,2,2,headlight
8/8/2014 11:05,10,Epson Moverio,3,4,manipulate,41.072,1,,2,2,air filter
8/8/2014 11:05,10,Epson Moverio,4,4,manipulate,34.445,1,,2,2,headlight
8/8/2014 11:05,10,Epson Moverio,4,7,manipulate,31.11,1,Difficulty putting it back,2,2,headlight
8/8/2014 11:05,10,Epson Moverio,3,6,manipulate,19.7,1,,2,2,air filter
8/8/2014 11:05,10,Epson Moverio,4,3,manipulate,15.203,1,,2,2,headlight
8/8/2014 11:05,10,Epson Moverio,4,6,compare,13.793,1,,2,3,headlight
8/8/2014 11:05,10,Epson Moverio,3,8,title,9.503,1,,2,0,air filter
8/8/2014 11:05,10,Epson Moverio,4,2,locate,9.078,1,,2,1,headlight
8/8/2014 11:05,10,Epson Moverio,3,3,manipulate,6.765,1,,2,2,air filter
8/8/2014 11:05,10,Epson Moverio,3,2,locate,4.3,1,,2,1,air filter
8/8/2014 11:05,10,Epson Moverio,3,5,compare,3.783,1,,2,3,air filter
8/8/2014 11:05,10,Epson Moverio,3,1,title,2.21,1,,2,0,air filter
8/8/2014 11:05,10,Epson Moverio,4,1,title,2.164,1,,2,0,headlight
8/8/2014 11:05,10,Epson Moverio,3,7,manipulate,1.996,1,,2,2,air filter
8/8/2014 11:05,10,Epson Moverio,4,9,title,,,,2,0,headlight
8/8/2014 14:22,11,Epson Moverio,2,5,locate,49.597,1,,2,1,fuse (exterior)
8/8/2014 14:22,11,Epson Moverio,2,9,manipulate,21.17,1,Didn't lock,2,2,fuse (exterior)
8/8/2014 14:22,11,Epson Moverio,1,4,manipulate,13.182,1,,2,2,engine oil
8/8/2014 14:22,11,Epson Moverio,2,7,compare,12.058,1,,2,3,fuse (exterior)
8/8/2014 14:22,11,Epson Moverio,1,7,compare,10.62,1,,2,3,engine oil
8/8/2014 14:22,11,Epson Moverio,1,8,manipulate,10.255,1,,2,2,engine oil
8/8/2014 14:22,11,Epson Moverio,2,6,manipulate,9.215,1,One hand on glasses,2,2,fuse (exterior)
8/8/2014 14:22,11,Epson Moverio,2,3,manipulate,8.054,1,Glasses get loose so she adjusts,2,2,fuse (exterior)
8/8/2014 14:22,11,Epson Moverio,1,5,manipulate,7.238,1,,2,2,engine oil
8/8/2014 14:22,11,Epson Moverio,2,8,manipulate,6.972,1,,2,2,fuse (exterior)
8/8/2014 14:22,11,Epson Moverio,1,3,manipulate,5.528,1,,2,2,engine oil
8/8/2014 14:22,11,Epson Moverio,1,1,title,4.538,1,,2,0,engine oil
8/8/2014 14:22,11,Epson Moverio,1,2,locate,4.293,1,,2,1,engine oil
8/8/2014 14:22,11,Epson Moverio,2,4,manipulate,4.058,1,,2,2,fuse (exterior)
8/8/2014 14:22,11,Epson Moverio,1,6,manipulate,3.989,1,,2,2,engine oil
8/8/2014 14:22,11,Epson Moverio,1,9,title,3.692,1,,2,0,engine oil
8/8/2014 14:22,11,Epson Moverio,2,2,locate,3.475,1,,2,1,fuse (exterior)
8/8/2014 14:22,11,Epson Moverio,2,1,title,3.142,1,,2,0,fuse (exterior)
8/8/2014 14:22,11,Epson Moverio,2,10,title,,,,2,0,fuse (exterior)
8/8/2014 16:22,12,Epson Moverio,7,6,compare,59.665,2,,2,3,battery
8/8/2014 16:22,12,Epson Moverio,8,4,locate,34.357,1,,2,1,fuse (interior)
8/8/2014 16:22,12,Epson Moverio,7,4,manipulate,26.562,2,,2,2,battery
8/8/2014 16:22,12,Epson Moverio,8,3,manipulate,23.815,1,,2,2,fuse (interior)
8/8/2014 16:22,12,Epson Moverio,7,5,manipulate,19.584,3,,2,2,battery
8/8/2014 16:22,12,Epson Moverio,8,8,manipulate,15.038,1,,2,2,fuse (interior)
8/8/2014 16:22,12,Epson Moverio,8,2,locate,15.006,1,,2,1,fuse (interior)
8/8/2014 16:22,12,Epson Moverio,7,8,manipulate,12.171,1,,2,2,battery
8/8/2014 16:22,12,Epson Moverio,7,3,manipulate,11.749,1,,2,2,battery
8/8/2014 16:22,12,Epson Moverio,8,7,manipulate,11.305,1,,2,2,fuse (interior)
8/8/2014 16:22,12,Epson Moverio,7,1,title,9.789,1,,2,0,battery
8/8/2014 16:22,12,Epson Moverio,7,7,manipulate,9.427,1,,2,2,battery
8/8/2014 16:22,12,Epson Moverio,8,6,compare,5.928,1,,2,3,fuse (interior)
8/8/2014 16:22,12,Epson Moverio,7,2,locate,5.326,1,,2,1,battery
8/8/2014 16:22,12,Epson Moverio,8,5,manipulate,3.762,1,Pulls glasses down to look clearly,2,2,fuse (interior)
8/8/2014 16:22,12,Epson Moverio,8,1,title,3.402,1,,2,0,fuse (interior)
8/8/2014 16:22,12,Epson Moverio,7,9,title,2.8,1,,2,0,battery
8/8/2014 16:22,12,Epson Moverio,8,9,title,,,,2,0,fuse (interior)
8/8/2014 17:12,13,Epson Moverio,6,5,manipulate,30.478,1,,2,2,coolant
8/8/2014 17:12,13,Epson Moverio,5,2,locate,25.908,1,"Two hands behind glasses, Contact lenses issue with Rachel?",2,1,brake fluid
8/8/2014 17:12,13,Epson Moverio,5,4,locate,14.209,1,,2,1,brake fluid
8/8/2014 17:12,13,Epson Moverio,5,5,compare,14.157,1,,2,3,brake fluid
8/8/2014 17:12,13,Epson Moverio,5,6,manipulate,12.258,1,,2,2,brake fluid
8/8/2014 17:12,13,Epson Moverio,6,6,manipulate,11.46,1,,2,2,coolant
8/8/2014 17:12,13,Epson Moverio,5,3,manipulate,9.364,1,,2,2,brake fluid
8/8/2014 17:12,13,Epson Moverio,6,4,compare,8.18,1,,2,3,coolant
8/8/2014 17:12,13,Epson Moverio,6,2,locate,7.023,1,,2,1,coolant
8/8/2014 17:12,13,Epson Moverio,5,7,title,5.635,1,,2,0,brake fluid
8/8/2014 17:12,13,Epson Moverio,6,3,locate,5.199,1,,2,1,coolant
8/8/2014 17:12,13,Epson Moverio,5,1,title,3.261,1,,2,0,brake fluid
8/8/2014 17:12,13,Epson Moverio,6,1,title,2.839,1,,2,0,coolant
8/8/2014 17:12,13,Epson Moverio,6,7,title,,,,2,0,coolant
6/8/2014 14:06,2,Google Glass,2,9,manipulate,29.83,1,,1,2,fuse (exterior)
6/8/2014 14:06,2,Google Glass,1,7,compare,15.706,1,,1,3,engine oil
6/8/2014 14:06,2,Google Glass,2,5,locate,11.109,1,,1,1,fuse (exterior)
6/8/2014 14:06,2,Google Glass,2,3,manipulate,10.769,1,,1,2,fuse (exterior)
6/8/2014 14:06,2,Google Glass,1,4,manipulate,10.484,1,,1,2,engine oil
6/8/2014 14:06,2,Google Glass,1,5,manipulate,9.11,1,,1,2,engine oil
6/8/2014 14:06,2,Google Glass,2,7,compare,5.722,1,,1,3,fuse (exterior)
6/8/2014 14:06,2,Google Glass,1,3,manipulate,5.215,1,,1,2,engine oil
6/8/2014 14:06,2,Google Glass,2,4,manipulate,5.195,1,,1,2,fuse (exterior)
6/8/2014 14:06,2,Google Glass,1,8,manipulate,5.074,1,,1,2,engine oil
6/8/2014 14:06,2,Google Glass,1,9,title,4.653,1,,1,0,engine oil
6/8/2014 14:06,2,Google Glass,2,6,manipulate,4.468,1,,1,2,fuse (exterior)
6/8/2014 14:06,2,Google Glass,1,2,locate,4.354,1,,1,1,engine oil
6/8/2014 14:06,2,Google Glass,1,6,manipulate,4.032,1,,1,2,engine oil
6/8/2014 14:06,2,Google Glass,2,1,title,3.883,1,,1,0,fuse (exterior)
6/8/2014 14:06,2,Google Glass,2,8,manipulate,3.848,1,,1,2,fuse (exterior)
6/8/2014 14:06,2,Google Glass,2,2,locate,3.509,1,,1,1,fuse (exterior)
6/8/2014 14:06,2,Google Glass,1,1,title,2.917,1,,1,0,engine oil
6/8/2014 14:06,2,Google Glass,2,10,title,,,,1,0,fuse (exterior)
6/8/2014 15:57,3,Google Glass,7,4,manipulate,41.891,1,"Looks at all instructions in one go, ",1,2,battery
6/8/2014 15:57,3,Google Glass,8,4,locate,38.064,2,"Looks at all instructions in one go, ",1,1,fuse (interior)
6/8/2014 15:57,3,Google Glass,7,6,compare,32.175,2,"Looks at all instructions in one go, ",1,3,battery
6/8/2014 15:57,3,Google Glass,8,5,manipulate,26.041,1,"Looks at all instructions in one go, ",1,2,fuse (interior)
6/8/2014 15:57,3,Google Glass,8,6,compare,22.334,1,"Looks at all instructions in one go, ",1,3,fuse (interior)
6/8/2014 15:57,3,Google Glass,7,2,locate,19.624,1,"Looks at all instructions in one go, ",1,1,battery
6/8/2014 15:57,3,Google Glass,8,3,manipulate,18.695,2,"Looks at all instructions in one go, ",1,2,fuse (interior)
6/8/2014 15:57,3,Google Glass,7,5,manipulate,18.408,2,"Looks at all instructions in one go, ",1,2,battery
6/8/2014 15:57,3,Google Glass,7,9,title,12.264,1,"Looks at all instructions in one go, ",1,0,battery
6/8/2014 15:57,3,Google Glass,8,8,manipulate,6.885,1,"Looks at all instructions in one go, ",1,2,fuse (interior)
6/8/2014 15:57,3,Google Glass,7,3,manipulate,6,1,"Looks at all instructions in one go, ",1,2,battery
6/8/2014 15:57,3,Google Glass,7,7,manipulate,3.843,1,"Looks at all instructions in one go, ",1,2,battery
6/8/2014 15:57,3,Google Glass,8,7,manipulate,3.718,1,"Looks at all instructions in one go, ",1,2,fuse (interior)
6/8/2014 15:57,3,Google Glass,8,2,locate,3.618,1,"Looks at all instructions in one go, ",1,1,fuse (interior)
6/8/2014 15:57,3,Google Glass,7,1,title,3.139,1,"Looks at all instructions in one go, ",1,0,battery
6/8/2014 15:57,3,Google Glass,8,1,title,2.918,1,"Looks at all instructions in one go, ",1,0,fuse (interior)
6/8/2014 15:57,3,Google Glass,7,8,manipulate,1.151,1,"Looks at all instructions in one go, ",1,2,battery
6/8/2014 15:57,3,Google Glass,8,9,title,,,"Looks at all instructions in one go, ",1,0,fuse (interior)
6/8/2014 17:00,4,Google Glass,6,5,manipulate,32.659,1,,1,2,coolant
6/8/2014 17:00,4,Google Glass,5,4,locate,24.402,1,,1,1,brake fluid
6/8/2014 17:00,4,Google Glass,5,6,manipulate,15.437,1,,1,2,brake fluid
6/8/2014 17:00,4,Google Glass,6,3,locate,14.657,1,,1,1,coolant
6/8/2014 17:00,4,Google Glass,6,6,manipulate,13.414,1,,1,2,coolant
6/8/2014 17:00,4,Google Glass,5,3,manipulate,12.44,1,,1,2,brake fluid
6/8/2014 17:00,4,Google Glass,5,5,compare,9.283,1,,1,3,brake fluid
6/8/2014 17:00,4,Google Glass,6,2,locate,5.79,1,,1,1,coolant
6/8/2014 17:00,4,Google Glass,5,2,locate,4.963,1,,1,1,brake fluid
6/8/2014 17:00,4,Google Glass,6,4,compare,4.446,1,,1,3,coolant
6/8/2014 17:00,4,Google Glass,5,1,title,4.029,1,,1,0,brake fluid
6/8/2014 17:00,4,Google Glass,6,1,title,3.352,1,,1,0,coolant
6/8/2014 17:00,4,Google Glass,5,7,title,2.128,1,,1,0,brake fluid
6/8/2014 17:00,4,Google Glass,6,7,title,,,,1,0,coolant
7/8/2014 10:37,5,Google Glass,4,5,manipulate,43.319,2,,1,2,headlight
7/8/2014 10:37,5,Google Glass,3,3,manipulate,28.134,1,,1,2,air filter
7/8/2014 10:37,5,Google Glass,3,4,manipulate,15.88,1,,1,2,air filter
7/8/2014 10:37,5,Google Glass,4,8,manipulate,14.418,1,,1,2,headlight
7/8/2014 10:37,5,Google Glass,3,8,title,13.496,1,,1,0,air filter
7/8/2014 10:37,5,Google Glass,3,6,manipulate,13.139,1,,1,2,air filter
7/8/2014 10:37,5,Google Glass,4,7,manipulate,12.413,1,,1,2,headlight
7/8/2014 10:37,5,Google Glass,4,2,locate,11.261,1,,1,1,headlight
7/8/2014 10:37,5,Google Glass,4,4,manipulate,11.201,2,,1,2,headlight
7/8/2014 10:37,5,Google Glass,3,2,locate,9.159,1,,1,1,air filter
7/8/2014 10:37,5,Google Glass,3,5,compare,8.637,1,,1,3,air filter
7/8/2014 10:37,5,Google Glass,4,6,compare,7.779,1,,1,3,headlight
7/8/2014 10:37,5,Google Glass,4,3,manipulate,6.639,1,,1,2,headlight
7/8/2014 10:37,5,Google Glass,3,7,manipulate,4.458,1,,1,2,air filter
7/8/2014 10:37,5,Google Glass,3,1,title,3.604,1,,1,0,air filter
7/8/2014 10:37,5,Google Glass,4,1,title,2.275,1,,1,0,headlight
7/8/2014 10:37,5,Google Glass,4,9,title,,,,1,0,headlight
7/8/2014 14:05,6,Google Glass,2,2,locate,33.491,2,Looking in wrong place,1,1,fuse (exterior)
7/8/2014 14:05,6,Google Glass,2,3,manipulate,23.804,2,,1,2,fuse (exterior)
7/8/2014 14:05,6,Google Glass,2,5,locate,22.924,1,,1,1,fuse (exterior)
7/8/2014 14:05,6,Google Glass,1,7,compare,20.972,1,,1,3,engine oil
7/8/2014 14:05,6,Google Glass,2,7,compare,14.145,1,,1,3,fuse (exterior)
7/8/2014 14:05,6,Google Glass,1,4,manipulate,9.306,1,,1,2,engine oil
7/8/2014 14:05,6,Google Glass,2,9,manipulate,8.69,1,,1,2,fuse (exterior)
7/8/2014 14:05,6,Google Glass,1,5,manipulate,7.994,1,,1,2,engine oil
7/8/2014 14:05,6,Google Glass,1,8,manipulate,5.427,1,,1,2,engine oil
7/8/2014 14:05,6,Google Glass,2,8,manipulate,5.113,1,,1,2,fuse (exterior)
7/8/2014 14:05,6,Google Glass,2,4,manipulate,4.339,1,,1,2,fuse (exterior)
7/8/2014 14:05,6,Google Glass,1,6,manipulate,4.267,1,Did it twice,1,2,engine oil
7/8/2014 14:05,6,Google Glass,2,6,manipulate,3.798,1,,1,2,fuse (exterior)
7/8/2014 14:05,6,Google Glass,1,3,manipulate,3.317,1,,1,2,engine oil
7/8/2014 14:05,6,Google Glass,1,1,title,3.269,1,,1,0,engine oil
7/8/2014 14:05,6,Google Glass,2,1,title,3.2,1,,1,0,fuse (exterior)
7/8/2014 14:05,6,Google Glass,1,2,locate,3.183,1,,1,1,engine oil
7/8/2014 14:05,6,Google Glass,1,9,title,2.429,1,,1,0,engine oil
7/8/2014 14:05,6,Google Glass,2,10,title,,,,1,0,fuse (exterior)
7/8/2014 15:55,7,Google Glass,7,2,locate,105.369,1,Took a really long time to locate,1,1,battery
7/8/2014 15:55,7,Google Glass,8,2,locate,21.299,1,,1,1,fuse (interior)
7/8/2014 15:55,7,Google Glass,8,4,locate,16.476,1,,1,1,fuse (interior)
7/8/2014 15:55,7,Google Glass,8,8,manipulate,10.459,1,,1,2,fuse (interior)
7/8/2014 15:55,7,Google Glass,7,3,manipulate,10.423,1,,1,2,battery
7/8/2014 15:55,7,Google Glass,7,4,manipulate,9.38,1,,1,2,battery
7/8/2014 15:55,7,Google Glass,8,3,manipulate,8.479,1,,1,2,fuse (interior)
7/8/2014 15:55,7,Google Glass,7,5,manipulate,7.712,1,,1,2,battery
7/8/2014 15:55,7,Google Glass,7,7,manipulate,7.553,1,,1,2,battery
7/8/2014 15:55,7,Google Glass,7,6,compare,6.554,1,,1,3,battery
7/8/2014 15:55,7,Google Glass,8,7,manipulate,5.46,1,,1,2,fuse (interior)
7/8/2014 15:55,7,Google Glass,8,6,compare,5.334,1,,1,3,fuse (interior)
7/8/2014 15:55,7,Google Glass,8,9,title,3.33,1,,1,0,fuse (interior)
7/8/2014 15:55,7,Google Glass,7,8,manipulate,2.494,1,,1,2,battery
7/8/2014 15:55,7,Google Glass,7,1,title,2.356,1,,1,0,battery
7/8/2014 15:55,7,Google Glass,8,5,manipulate,2.304,1,,1,2,fuse (interior)
7/8/2014 15:55,7,Google Glass,8,1,title,2.186,1,,1,0,fuse (interior)
7/8/2014 15:55,7,Google Glass,7,9,title,1.851,1,,1,0,battery
7/8/2014 16:59,8,Google Glass,6,5,manipulate,40.765,1,,1,2,coolant
7/8/2014 16:59,8,Google Glass,5,4,locate,27.739,1,Checking on the cap,1,1,brake fluid
7/8/2014 16:59,8,Google Glass,5,6,manipulate,23.39,1,,1,2,brake fluid
7/8/2014 16:59,8,Google Glass,5,3,manipulate,21.311,1,,1,2,brake fluid
7/8/2014 16:59,8,Google Glass,5,5,compare,17.937,1,,1,3,brake fluid
7/8/2014 16:59,8,Google Glass,6,6,manipulate,14.249,1,,1,2,coolant
7/8/2014 16:59,8,Google Glass,5,2,locate,12.126,1,,1,1,brake fluid
7/8/2014 16:59,8,Google Glass,6,2,locate,7.096,1,,1,1,coolant
7/8/2014 16:59,8,Google Glass,6,3,locate,6.514,1,,1,1,coolant
7/8/2014 16:59,8,Google Glass,6,4,compare,3.511,1,,1,3,coolant
7/8/2014 16:59,8,Google Glass,6,1,title,2.189,1,,1,0,coolant
7/8/2014 16:59,8,Google Glass,5,1,title,2.183,1,,1,0,brake fluid
7/8/2014 16:59,8,Google Glass,5,7,title,2.016,1,,1,0,brake fluid
7/8/2014 16:59,8,Google Glass,6,7,title,,,,1,0,coolant
8/8/2014 10:00,9,Google Glass,3,4,manipulate,21.677,1,,1,2,air filter
8/8/2014 10:00,9,Google Glass,3,6,manipulate,20.235,1,,1,2,air filter
8/8/2014 10:00,9,Google Glass,4,7,manipulate,19.565,1,,1,2,headlight
8/8/2014 10:00,9,Google Glass,3,3,manipulate,19.45,1,,1,2,air filter
8/8/2014 10:00,9,Google Glass,4,3,manipulate,17.075,1,,1,2,headlight
8/8/2014 10:00,9,Google Glass,4,5,manipulate,12.925,1,,1,2,headlight
8/8/2014 10:00,9,Google Glass,4,8,manipulate,10.737,1,,1,2,headlight
8/8/2014 10:00,9,Google Glass,4,2,locate,10.453,1,Vision not clear (myopia & excess brightness in morning),1,1,headlight
8/8/2014 10:00,9,Google Glass,3,2,locate,9.2,1,,1,1,air filter
8/8/2014 10:00,9,Google Glass,4,4,manipulate,8.762,1,,1,2,headlight
8/8/2014 10:00,9,Google Glass,3,8,title,7.758,1,,1,0,air filter
8/8/2014 10:00,9,Google Glass,4,1,title,6.336,1,,1,0,headlight
8/8/2014 10:00,9,Google Glass,4,6,compare,5.907,1,,1,3,headlight
8/8/2014 10:00,9,Google Glass,3,5,compare,3.871,1,,1,3,air filter
8/8/2014 10:00,9,Google Glass,3,1,title,3.029,1,,1,0,air filter
8/8/2014 10:00,9,Google Glass,3,7,manipulate,2.75,1,,1,2,air filter
8/8/2014 10:00,9,Google Glass,4,9,title,,,,1,0,headlight
8/8/2014 10:53,10,Google Glass,2,8,manipulate,51.645,1,Then picks the wrong one,1,2,fuse (exterior)
8/8/2014 10:53,10,Google Glass,2,3,manipulate,22.78,1,,1,2,fuse (exterior)
8/8/2014 10:53,10,Google Glass,2,6,manipulate,21.97,1,Pulls wrong one,1,2,fuse (exterior)
8/8/2014 10:53,10,Google Glass,2,5,locate,19.855,1,Has a difficult time to read on Glass,1,1,fuse (exterior)
8/8/2014 10:53,10,Google Glass,2,7,compare,19.316,1,,1,3,fuse (exterior)
8/8/2014 10:53,10,Google Glass,1,4,manipulate,18.232,1,,1,2,engine oil
8/8/2014 10:53,10,Google Glass,1,7,compare,15.49,1,,1,3,engine oil
8/8/2014 10:53,10,Google Glass,2,9,manipulate,14.943,1,,1,2,fuse (exterior)
8/8/2014 10:53,10,Google Glass,1,3,manipulate,10.66,1,Doesn't take out completely,1,2,engine oil
8/8/2014 10:53,10,Google Glass,1,8,manipulate,10.072,1,,1,2,engine oil
8/8/2014 10:53,10,Google Glass,2,4,manipulate,7.735,1,,1,2,fuse (exterior)
8/8/2014 10:53,10,Google Glass,1,6,manipulate,6.52,1,,1,2,engine oil
8/8/2014 10:53,10,Google Glass,1,5,manipulate,6.093,1,,1,2,engine oil
8/8/2014 10:53,10,Google Glass,2,2,locate,4.49,1,One hand still on glass,1,1,fuse (exterior)
8/8/2014 10:53,10,Google Glass,1,2,locate,4.17,1,Keeps putting hand for knowing info,1,1,engine oil
8/8/2014 10:53,10,Google Glass,1,9,title,4.029,1,,1,0,engine oil
8/8/2014 10:53,10,Google Glass,2,1,title,3.52,1,,1,0,fuse (exterior)
8/8/2014 10:53,10,Google Glass,1,1,title,2.319,1,,1,0,engine oil
8/8/2014 10:53,10,Google Glass,2,10,title,,,,1,0,fuse (exterior)
8/8/2014 15:14,11,Google Glass,7,2,locate,125.446,2,"Adjusting Glass for clear view, Tough to locate",1,1,battery
8/8/2014 15:14,11,Google Glass,7,5,manipulate,45.954,2,Closed the (+) cover to check the (+) sign,1,2,battery
8/8/2014 15:14,11,Google Glass,7,4,manipulate,34.17,1,,1,2,battery
8/8/2014 15:14,11,Google Glass,7,3,manipulate,27.686,2,,1,2,battery
8/8/2014 15:14,11,Google Glass,7,6,compare,25.329,2,,1,3,battery
8/8/2014 15:14,11,Google Glass,8,4,locate,16.143,1,,1,1,fuse (interior)
8/8/2014 15:14,11,Google Glass,8,2,locate,14.61,1,,1,1,fuse (interior)
8/8/2014 15:14,11,Google Glass,8,3,manipulate,11.865,1,,1,2,fuse (interior)
8/8/2014 15:14,11,Google Glass,8,8,manipulate,9.2,1,,1,2,fuse (interior)
8/8/2014 15:14,11,Google Glass,8,6,compare,8.413,1,,1,3,fuse (interior)
8/8/2014 15:14,11,Google Glass,7,9,title,8.015,1,Takes a break thinking it's over,1,0,battery
8/8/2014 15:14,11,Google Glass,8,7,manipulate,7.973,1,,1,2,fuse (interior)
8/8/2014 15:14,11,Google Glass,8,1,title,6.453,1,,1,0,fuse (interior)
8/8/2014 15:14,11,Google Glass,7,7,manipulate,5.525,1,,1,2,battery
8/8/2014 15:14,11,Google Glass,7,8,manipulate,4.888,1,,1,2,battery
8/8/2014 15:14,11,Google Glass,8,5,manipulate,4.571,1,,1,2,fuse (interior)
8/8/2014 15:14,11,Google Glass,7,1,title,1.882,1,,1,0,battery
8/8/2014 15:14,11,Google Glass,8,9,title,,,,1,0,fuse (interior)
8/8/2014 16:11,12,Google Glass,5,5,compare,47.843,1,,1,3,brake fluid
8/8/2014 16:11,12,Google Glass,6,5,manipulate,45.954,1,,1,2,coolant
8/8/2014 16:11,12,Google Glass,5,3,manipulate,21.454,2,,1,2,brake fluid
8/8/2014 16:11,12,Google Glass,6,6,manipulate,19.962,1,,1,2,coolant
8/8/2014 16:11,12,Google Glass,5,4,locate,19.898,1,Tries to focus with one eye,1,1,brake fluid
8/8/2014 16:11,12,Google Glass,6,3,locate,13.286,1,,1,1,coolant
8/8/2014 16:11,12,Google Glass,5,6,manipulate,12.484,1,,1,2,brake fluid
8/8/2014 16:11,12,Google Glass,5,2,locate,10.61,2,,1,1,brake fluid
8/8/2014 16:11,12,Google Glass,6,4,compare,10.331,1,,1,3,coolant
8/8/2014 16:11,12,Google Glass,5,1,title,9.869,1,,1,0,brake fluid
8/8/2014 16:11,12,Google Glass,6,2,locate,3.807,1,,1,1,coolant
8/8/2014 16:11,12,Google Glass,5,7,title,2.663,1,,1,0,brake fluid
8/8/2014 16:11,12,Google Glass,6,1,title,2.5,1,,1,0,coolant
8/8/2014 16:11,12,Google Glass,6,7,title,,,,1,0,coolant
8/8/2014 17:01,13,Google Glass,4,8,manipulate,55.482,1,,1,2,headlight
8/8/2014 17:01,13,Google Glass,3,4,manipulate,26.878,1,,1,2,air filter
8/8/2014 17:01,13,Google Glass,3,3,manipulate,20.689,1,,1,2,air filter
8/8/2014 17:01,13,Google Glass,3,1,title,18.669,1,,1,0,air filter
8/8/2014 17:01,13,Google Glass,3,7,manipulate,18.483,1,,1,2,air filter
8/8/2014 17:01,13,Google Glass,4,5,manipulate,18.17,1,,1,2,headlight
8/8/2014 17:01,13,Google Glass,3,6,manipulate,16.47,1,,1,2,air filter
8/8/2014 17:01,13,Google Glass,4,4,manipulate,13.43,1,,1,2,headlight
8/8/2014 17:01,13,Google Glass,4,3,manipulate,12.603,1,,1,2,headlight
8/8/2014 17:01,13,Google Glass,4,7,manipulate,12.004,1,,1,2,headlight
8/8/2014 17:01,13,Google Glass,4,2,locate,7.562,1,Hand in front of glass,1,1,headlight
8/8/2014 17:01,13,Google Glass,4,6,compare,7.324,1,,1,3,headlight
8/8/2014 17:01,13,Google Glass,4,1,title,4.866,1,,1,0,headlight
8/8/2014 17:01,13,Google Glass,3,8,title,4.834,1,,1,0,air filter
8/8/2014 17:01,13,Google Glass,3,2,locate,4.522,1,"Keeps putting here gloves as a BG as slide isn't clear, Maybe the vision problem",1,1,air filter
8/8/2014 17:01,13,Google Glass,3,5,compare,3.438,1,,1,3,air filter
8/8/2014 17:01,13,Google Glass,4,9,title,,,,1,0,headlight
6/8/2014 14:39,2,LG Tablet,7,6,compare,29.132,1,,3,3,battery
6/8/2014 14:39,2,LG Tablet,7,2,locate,21.944,1,,3,1,battery
6/8/2014 14:39,2,LG Tablet,8,3,manipulate,17.134,1,,3,2,fuse (interior)
6/8/2014 14:39,2,LG Tablet,7,4,manipulate,14.383,1,,3,2,battery
6/8/2014 14:39,2,LG Tablet,8,8,manipulate,14.019,1,,3,2,fuse (interior)
6/8/2014 14:39,2,LG Tablet,7,5,manipulate,10.745,1,,3,2,battery
6/8/2014 14:39,2,LG Tablet,8,2,locate,10.614,1,,3,1,fuse (interior)
6/8/2014 14:39,2,LG Tablet,8,4,locate,10.603,1,,3,1,fuse (interior)
6/8/2014 14:39,2,LG Tablet,8,7,manipulate,8.211,1,,3,2,fuse (interior)
6/8/2014 14:39,2,LG Tablet,7,7,manipulate,6.599,1,,3,2,battery
6/8/2014 14:39,2,LG Tablet,7,3,manipulate,6.229,1,,3,2,battery
6/8/2014 14:39,2,LG Tablet,7,8,manipulate,6.215,1,,3,2,battery
6/8/2014 14:39,2,LG Tablet,8,5,manipulate,5.68,1,,3,2,fuse (interior)
6/8/2014 14:39,2,LG Tablet,8,6,compare,4.869,1,,3,3,fuse (interior)
6/8/2014 14:39,2,LG Tablet,7,9,title,4.468,1,,3,0,battery
6/8/2014 14:39,2,LG Tablet,7,1,title,3.336,1,,3,0,battery
6/8/2014 14:39,2,LG Tablet,8,1,title,2.606,1,,3,0,fuse (interior)
6/8/2014 14:39,2,LG Tablet,8,9,title,,,,3,0,fuse (interior)
6/8/2014 15:47,3,LG Tablet,5,5,compare,73.993,2,"Looks at all instructions in one go, ",3,3,brake fluid
6/8/2014 15:47,3,LG Tablet,6,5,manipulate,37.872,1,"Looks at all instructions in one go, ",3,2,coolant
6/8/2014 15:47,3,LG Tablet,5,2,locate,29.915,2,"Looks at all instructions in one go, ",3,1,brake fluid
6/8/2014 15:47,3,LG Tablet,5,7,title,25.752,1,"Looks at all instructions in one go, ",3,0,brake fluid
6/8/2014 15:47,3,LG Tablet,6,3,locate,10.377,1,"Looks at all instructions in one go, ",3,1,coolant
6/8/2014 15:47,3,LG Tablet,5,4,locate,7.753,3,"Looks at all instructions in one go, ",3,1,brake fluid
6/8/2014 15:47,3,LG Tablet,5,3,manipulate,5.876,3,"Looks at all instructions in one go, ",3,2,brake fluid
6/8/2014 15:47,3,LG Tablet,6,4,compare,5.102,1,"Looks at all instructions in one go, ",3,3,coolant
6/8/2014 15:47,3,LG Tablet,6,2,locate,4.554,1,"Looks at all instructions in one go, ",3,1,coolant
6/8/2014 15:47,3,LG Tablet,5,6,manipulate,2.876,1,"Looks at all instructions in one go, ",3,2,brake fluid
6/8/2014 15:47,3,LG Tablet,5,1,title,2.741,1,"Looks at all instructions in one go, ",3,0,brake fluid
6/8/2014 15:47,3,LG Tablet,6,1,title,2.57,1,"Looks at all instructions in one go, ",3,0,coolant
6/8/2014 15:47,3,LG Tablet,6,6,manipulate,2.251,1,"Looks at all instructions in one go, ",3,2,coolant
6/8/2014 15:47,3,LG Tablet,6,7,title,,,"Looks at all instructions in one go, ",3,0,coolant
6/8/2014 16:51,4,LG Tablet,3,3,manipulate,30.818,1,,3,2,air filter
6/8/2014 16:51,4,LG Tablet,3,4,manipulate,25.45,1,,3,2,air filter
6/8/2014 16:51,4,LG Tablet,3,6,manipulate,24.482,1,,3,2,air filter
6/8/2014 16:51,4,LG Tablet,4,8,manipulate,21.929,1,,3,2,headlight
6/8/2014 16:51,4,LG Tablet,4,2,locate,10.807,1,,3,1,headlight
6/8/2014 16:51,4,LG Tablet,3,8,title,10.752,1,,3,0,air filter
6/8/2014 16:51,4,LG Tablet,3,2,locate,10.07,1,,3,1,air filter
6/8/2014 16:51,4,LG Tablet,4,5,manipulate,8.929,1,,3,2,headlight
6/8/2014 16:51,4,LG Tablet,4,3,manipulate,8.62,1,,3,2,headlight
6/8/2014 16:51,4,LG Tablet,4,7,manipulate,5.498,1,,3,2,headlight
6/8/2014 16:51,4,LG Tablet,3,1,title,5.32,1,,3,0,air filter
6/8/2014 16:51,4,LG Tablet,4,6,compare,5.103,1,,3,3,headlight
6/8/2014 16:51,4,LG Tablet,3,5,compare,3.815,1,,3,3,air filter
6/8/2014 16:51,4,LG Tablet,4,4,manipulate,3.13,1,,3,2,headlight
6/8/2014 16:51,4,LG Tablet,3,7,manipulate,2.488,1,,3,2,air filter
6/8/2014 16:51,4,LG Tablet,4,1,title,2.063,1,,3,0,headlight
6/8/2014 16:51,4,LG Tablet,4,9,title,,,,3,0,headlight
7/8/2014 10:17,5,LG Tablet,2,5,locate,28.788,1,,3,1,fuse (exterior)
7/8/2014 10:17,5,LG Tablet,2,7,compare,20.672,1,,3,3,fuse (exterior)
7/8/2014 10:17,5,LG Tablet,2,3,manipulate,15.254,1,,3,2,fuse (exterior)
7/8/2014 10:17,5,LG Tablet,1,7,compare,13.249,1,,3,3,engine oil
7/8/2014 10:17,5,LG Tablet,2,9,manipulate,12.284,1,,3,2,fuse (exterior)
7/8/2014 10:17,5,LG Tablet,2,8,manipulate,12.153,1,,3,2,fuse (exterior)
7/8/2014 10:17,5,LG Tablet,1,4,manipulate,12.004,1,,3,2,engine oil
7/8/2014 10:17,5,LG Tablet,1,8,manipulate,6.614,1,,3,2,engine oil
7/8/2014 10:17,5,LG Tablet,2,2,locate,5.783,1,,3,1,fuse (exterior)
7/8/2014 10:17,5,LG Tablet,1,5,manipulate,4.825,1,,3,2,engine oil
7/8/2014 10:17,5,LG Tablet,1,6,manipulate,4.386,1,,3,2,engine oil
7/8/2014 10:17,5,LG Tablet,1,2,locate,4.383,1,,3,1,engine oil
7/8/2014 10:17,5,LG Tablet,1,3,manipulate,3.858,1,,3,2,engine oil
7/8/2014 10:17,5,LG Tablet,2,1,title,3.228,1,,3,0,fuse (exterior)
7/8/2014 10:17,5,LG Tablet,1,1,title,3.082,1,,3,0,engine oil
7/8/2014 10:17,5,LG Tablet,2,6,manipulate,3.066,1,,3,2,fuse (exterior)
7/8/2014 10:17,5,LG Tablet,2,4,manipulate,2.913,1,,3,2,fuse (exterior)
7/8/2014 10:17,5,LG Tablet,1,9,title,2.063,1,,3,0,engine oil
7/8/2014 10:17,5,LG Tablet,2,10,title,,,,3,0,fuse (exterior)
7/8/2014 14:53,6,LG Tablet,7,4,manipulate,28.788,2,,3,2,battery
7/8/2014 14:53,6,LG Tablet,8,4,locate,18.458,1,,3,1,fuse (interior)
7/8/2014 14:53,6,LG Tablet,8,7,manipulate,16.427,1,,3,2,fuse (interior)
7/8/2014 14:53,6,LG Tablet,7,1,title,15.721,1,,3,0,battery
7/8/2014 14:53,6,LG Tablet,7,6,compare,14.791,1,,3,3,battery
7/8/2014 14:53,6,LG Tablet,8,2,locate,13.887,1,,3,1,fuse (interior)
7/8/2014 14:53,6,LG Tablet,8,3,manipulate,13.794,1,,3,2,fuse (interior)
7/8/2014 14:53,6,LG Tablet,8,8,manipulate,11.696,1,,3,2,fuse (interior)
7/8/2014 14:53,6,LG Tablet,8,6,compare,11.511,1,,3,3,fuse (interior)
7/8/2014 14:53,6,LG Tablet,7,5,manipulate,9.102,2,,3,2,battery
7/8/2014 14:53,6,LG Tablet,7,2,locate,8.161,1,,3,1,battery
7/8/2014 14:53,6,LG Tablet,7,3,manipulate,7.463,1,,3,2,battery
7/8/2014 14:53,6,LG Tablet,7,7,manipulate,5.877,1,,3,2,battery
7/8/2014 14:53,6,LG Tablet,8,1,title,3.986,1,,3,0,fuse (interior)
7/8/2014 14:53,6,LG Tablet,8,5,manipulate,3.896,1,,3,2,fuse (interior)
7/8/2014 14:53,6,LG Tablet,7,9,title,2.162,1,,3,0,battery
7/8/2014 14:53,6,LG Tablet,7,8,manipulate,1.635,1,,3,2,battery
7/8/2014 14:53,6,LG Tablet,8,9,title,,,,3,0,fuse (interior)
7/8/2014 15:47,7,LG Tablet,6,5,manipulate,45.168,1,Open cap with one hand & tablet in other hand,3,2,coolant
7/8/2014 15:47,7,LG Tablet,5,2,locate,16.289,1,,3,1,brake fluid
7/8/2014 15:47,7,LG Tablet,5,4,locate,15.05,1,,3,1,brake fluid
7/8/2014 15:47,7,LG Tablet,5,6,manipulate,14.546,1,,3,2,brake fluid
7/8/2014 15:47,7,LG Tablet,6,6,manipulate,9.83,1,,3,2,coolant
7/8/2014 15:47,7,LG Tablet,6,2,locate,9.696,1,,3,1,coolant
7/8/2014 15:47,7,LG Tablet,5,3,manipulate,6.953,1,,3,2,brake fluid
7/8/2014 15:47,7,LG Tablet,6,3,locate,6.611,1,,3,1,coolant
7/8/2014 15:47,7,LG Tablet,6,4,compare,3.432,1,,3,3,coolant
7/8/2014 15:47,7,LG Tablet,5,5,compare,3.201,1,,3,3,brake fluid
7/8/2014 15:47,7,LG Tablet,5,1,title,3.067,1,,3,0,brake fluid
7/8/2014 15:47,7,LG Tablet,6,1,title,2.373,1,,3,0,coolant
7/8/2014 15:47,7,LG Tablet,5,7,title,2.247,1,,3,0,brake fluid
7/8/2014 15:47,7,LG Tablet,6,7,title,,,,3,0,coolant
7/8/2014 16:52,8,LG Tablet,4,8,manipulate,37.267,1,,3,2,headlight
7/8/2014 16:52,8,LG Tablet,3,4,manipulate,36.87,1,Doesn't remove filter,3,2,air filter
7/8/2014 16:52,8,LG Tablet,4,5,manipulate,22.644,1,,3,2,headlight
7/8/2014 16:52,8,LG Tablet,4,4,manipulate,16.688,1,,3,2,headlight
7/8/2014 16:52,8,LG Tablet,3,6,manipulate,13.962,1,,3,2,air filter
7/8/2014 16:52,8,LG Tablet,3,8,title,13.271,1,,3,0,air filter
7/8/2014 16:52,8,LG Tablet,4,3,manipulate,12.159,1,,3,2,headlight
7/8/2014 16:52,8,LG Tablet,4,7,manipulate,10.628,1,,3,2,headlight
7/8/2014 16:52,8,LG Tablet,4,2,locate,7.452,1,,3,1,headlight
7/8/2014 16:52,8,LG Tablet,3,3,manipulate,5.638,1,Hand holding tablet from falling off,3,2,air filter
7/8/2014 16:52,8,LG Tablet,4,6,compare,5.243,1,,3,3,headlight
7/8/2014 16:52,8,LG Tablet,3,7,manipulate,4.906,1,,3,2,air filter
7/8/2014 16:52,8,LG Tablet,3,5,compare,4.802,1,,3,3,air filter
7/8/2014 16:52,8,LG Tablet,3,2,locate,4.209,1,,3,1,air filter
7/8/2014 16:52,8,LG Tablet,4,1,title,2.908,1,,3,0,headlight
7/8/2014 16:52,8,LG Tablet,3,1,title,2.274,1,,3,0,air filter
7/8/2014 16:52,8,LG Tablet,4,9,title,,,,3,0,headlight
8/8/2014 9:54,9,LG Tablet,2,3,manipulate,39.043,1,Didn't read instructions well as tablet wasn't placed well (it was far),3,2,fuse (exterior)
8/8/2014 9:54,9,LG Tablet,1,8,manipulate,16.789,1,,3,2,engine oil
8/8/2014 9:54,9,LG Tablet,2,5,locate,13.789,1,Keeps moving a lot,3,1,fuse (exterior)
8/8/2014 9:54,9,LG Tablet,2,9,manipulate,12.049,1,,3,2,fuse (exterior)
8/8/2014 9:54,9,LG Tablet,1,4,manipulate,10.918,1,,3,2,engine oil
8/8/2014 9:54,9,LG Tablet,1,5,manipulate,10.915,1,,3,2,engine oil
8/8/2014 9:54,9,LG Tablet,1,6,manipulate,10.891,1,,3,2,engine oil
8/8/2014 9:54,9,LG Tablet,1,7,compare,9.933,1,,3,3,engine oil
8/8/2014 9:54,9,LG Tablet,2,2,locate,7.442,1,,3,1,fuse (exterior)
8/8/2014 9:54,9,LG Tablet,1,2,locate,7.197,1,,3,1,engine oil
8/8/2014 9:54,9,LG Tablet,1,9,title,6.939,1,,3,0,engine oil
8/8/2014 9:54,9,LG Tablet,2,8,manipulate,6.807,1,,3,2,fuse (exterior)
8/8/2014 9:54,9,LG Tablet,1,3,manipulate,4.823,1,,3,2,engine oil
8/8/2014 9:54,9,LG Tablet,2,7,compare,4.506,1,,3,3,fuse (exterior)
8/8/2014 9:54,9,LG Tablet,1,1,title,3.442,2,CLOSED the application during the practice,3,0,engine oil
8/8/2014 9:54,9,LG Tablet,2,6,manipulate,3.393,1,,3,2,fuse (exterior)
8/8/2014 9:54,9,LG Tablet,2,4,manipulate,3.037,1,,3,2,fuse (exterior)
8/8/2014 9:54,9,LG Tablet,2,1,title,2.883,1,,3,0,fuse (exterior)
8/8/2014 9:50,9,LG Tablet,1,1,title,,,CLOSED the application during the practice,3,0,engine oil
8/8/2014 9:50,9,LG Tablet,1,2,locate,,,,3,1,engine oil
8/8/2014 9:50,9,LG Tablet,1,3,manipulate,,,,3,2,engine oil
8/8/2014 9:50,9,LG Tablet,1,4,manipulate,,,,3,2,engine oil
8/8/2014 9:50,9,LG Tablet,1,5,manipulate,,,,3,2,engine oil
8/8/2014 9:50,9,LG Tablet,1,6,manipulate,,,,3,2,engine oil
8/8/2014 9:50,9,LG Tablet,1,7,compare,,,,3,3,engine oil
8/8/2014 9:50,9,LG Tablet,1,8,manipulate,,,,3,2,engine oil
8/8/2014 9:50,9,LG Tablet,1,9,title,,,,3,0,engine oil
8/8/2014 9:50,9,LG Tablet,2,1,title,,,,3,0,fuse (exterior)
8/8/2014 9:50,9,LG Tablet,2,2,locate,,,,3,1,fuse (exterior)
8/8/2014 9:50,9,LG Tablet,2,3,manipulate,,,Didn't read instructions well as tablet wasn't placed well (it was far),3,2,fuse (exterior)
8/8/2014 9:50,9,LG Tablet,2,4,manipulate,,,,3,2,fuse (exterior)
8/8/2014 9:50,9,LG Tablet,2,5,locate,,,Keeps moving a lot,3,1,fuse (exterior)
8/8/2014 9:50,9,LG Tablet,2,6,manipulate,,,,3,2,fuse (exterior)
8/8/2014 9:50,9,LG Tablet,2,7,compare,,,,3,3,fuse (exterior)
8/8/2014 9:50,9,LG Tablet,2,8,manipulate,,,,3,2,fuse (exterior)
8/8/2014 9:50,9,LG Tablet,2,9,manipulate,,,,3,2,fuse (exterior)
8/8/2014 9:50,9,LG Tablet,2,10,title,,,,3,0,fuse (exterior)
8/8/2014 9:54,9,LG Tablet,2,10,title,,,,3,0,fuse (exterior)
8/8/2014 11:27,10,LG Tablet,8,4,locate,38.389,1,,3,1,fuse (interior)
8/8/2014 11:27,10,LG Tablet,7,6,compare,36.748,1,,3,3,battery
8/8/2014 11:27,10,LG Tablet,8,3,manipulate,30.693,1,Tablet on car seat,3,2,fuse (interior)
8/8/2014 11:27,10,LG Tablet,7,4,manipulate,28.398,1,Asks about where to put tablet,3,2,battery
8/8/2014 11:27,10,LG Tablet,7,5,manipulate,20.999,1,,3,2,battery
8/8/2014 11:27,10,LG Tablet,8,2,locate,16.852,1,,3,1,fuse (interior)
8/8/2014 11:27,10,LG Tablet,7,3,manipulate,16.371,2,Tablet in one hand so tricky to connect to terminal,3,2,battery
8/8/2014 11:27,10,LG Tablet,7,2,locate,14.113,2,,3,1,battery
8/8/2014 11:27,10,LG Tablet,8,6,compare,13.003,1,,3,3,fuse (interior)
8/8/2014 11:27,10,LG Tablet,8,7,manipulate,12.113,1,,3,2,fuse (interior)
8/8/2014 11:27,10,LG Tablet,7,7,manipulate,8.288,1,,3,2,battery
8/8/2014 11:27,10,LG Tablet,7,8,manipulate,6.759,1,,3,2,battery
8/8/2014 11:27,10,LG Tablet,8,5,manipulate,3.209,1,"Pulls wrong fuse out, Then looks again and pull right fuse",3,2,fuse (interior)
8/8/2014 11:27,10,LG Tablet,8,1,title,2.807,1,,3,0,fuse (interior)
8/8/2014 11:27,10,LG Tablet,7,9,title,2.182,1,,3,0,battery
8/8/2014 11:27,10,LG Tablet,7,1,title,1.893,1,,3,0,battery
8/8/2014 11:27,10,LG Tablet,8,8,manipulate,,,,3,2,fuse (interior)
8/8/2014 11:27,10,LG Tablet,8,9,title,,,,3,0,fuse (interior)
8/8/2014 15:06,11,LG Tablet,6,5,manipulate,54.421,1,"Tablet almost fell from engine, Hanging dangerously",3,2,coolant
8/8/2014 15:06,11,LG Tablet,5,3,manipulate,18.625,1,tablet in one hand,3,2,brake fluid
8/8/2014 15:06,11,LG Tablet,5,4,locate,17.179,1,,3,1,brake fluid
8/8/2014 15:06,11,LG Tablet,5,6,manipulate,12.395,1,,3,2,brake fluid
8/8/2014 15:06,11,LG Tablet,5,2,locate,10.769,1,,3,1,brake fluid
8/8/2014 15:06,11,LG Tablet,6,6,manipulate,10.725,1,,3,2,coolant
8/8/2014 15:06,11,LG Tablet,5,5,compare,6.643,1,,3,3,brake fluid
8/8/2014 15:06,11,LG Tablet,6,3,locate,5.519,1,,3,1,coolant
8/8/2014 15:06,11,LG Tablet,6,2,locate,4.103,1,,3,1,coolant
8/8/2014 15:06,11,LG Tablet,6,4,compare,3.569,1,,3,3,coolant
8/8/2014 15:06,11,LG Tablet,5,1,title,3.159,1,,3,0,brake fluid
8/8/2014 15:06,11,LG Tablet,5,7,title,2.557,1,,3,0,brake fluid
8/8/2014 15:06,11,LG Tablet,6,1,title,2.2,1,,3,0,coolant
8/8/2014 15:06,11,LG Tablet,6,7,title,,,,3,0,coolant
8/8/2014 16:01,12,LG Tablet,4,8,manipulate,71.334,1,,3,2,headlight
8/8/2014 16:01,12,LG Tablet,3,4,manipulate,34.216,1,,3,2,air filter
8/8/2014 16:01,12,LG Tablet,4,5,manipulate,29.843,1,,3,2,headlight
8/8/2014 16:01,12,LG Tablet,4,4,manipulate,27.226,1,Puts tablet far so reaching out long every time,3,2,headlight
8/8/2014 16:01,12,LG Tablet,3,3,manipulate,22.716,1,Tablet on engine,3,2,air filter
8/8/2014 16:01,12,LG Tablet,3,6,manipulate,21.541,1,,3,2,air filter
8/8/2014 16:01,12,LG Tablet,4,7,manipulate,19.659,1,,3,2,headlight
8/8/2014 16:01,12,LG Tablet,4,3,manipulate,15.861,1,"Clamp comes out, Spends time in the end to fix the clamp",3,2,headlight
8/8/2014 16:01,12,LG Tablet,3,8,title,10.439,1,,3,0,air filter
8/8/2014 16:01,12,LG Tablet,4,6,compare,7.013,1,,3,3,headlight
8/8/2014 16:01,12,LG Tablet,3,2,locate,4.918,1,Tablet in one hand,3,1,air filter
8/8/2014 16:01,12,LG Tablet,4,2,locate,4.752,1,,3,1,headlight
8/8/2014 16:01,12,LG Tablet,3,5,compare,3.671,1,,3,3,air filter
8/8/2014 16:01,12,LG Tablet,3,7,manipulate,2.359,1,,3,2,air filter
8/8/2014 16:01,12,LG Tablet,3,1,title,2.223,1,,3,0,air filter
8/8/2014 16:01,12,LG Tablet,4,1,title,1.62,1,,3,0,headlight
8/8/2014 16:01,12,LG Tablet,4,9,title,,,,3,0,headlight
8/8/2014 16:43,13,LG Tablet,2,3,manipulate,49.381,1,,3,2,fuse (exterior)
8/8/2014 16:43,13,LG Tablet,1,7,compare,19.351,1,,3,3,engine oil
8/8/2014 16:43,13,LG Tablet,2,5,locate,18.07,1,Image wasn't clear so took tablet with both hands,3,1,fuse (exterior)
8/8/2014 16:43,13,LG Tablet,1,4,manipulate,18.017,1,,3,2,engine oil
8/8/2014 16:43,13,LG Tablet,2,9,manipulate,17.419,1,,3,2,fuse (exterior)
8/8/2014 16:43,13,LG Tablet,1,9,title,16.229,1,,3,0,engine oil
8/8/2014 16:43,13,LG Tablet,1,5,manipulate,10.691,1,,3,2,engine oil
8/8/2014 16:43,13,LG Tablet,2,7,compare,9.239,1,,3,3,fuse (exterior)
8/8/2014 16:43,13,LG Tablet,1,8,manipulate,8.322,1,,3,2,engine oil
8/8/2014 16:43,13,LG Tablet,2,4,manipulate,7.239,1,,3,2,fuse (exterior)
8/8/2014 16:43,13,LG Tablet,2,8,manipulate,6.622,1,,3,2,fuse (exterior)
8/8/2014 16:43,13,LG Tablet,1,2,locate,5.993,1,Tablet on edge of engine,3,1,engine oil
8/8/2014 16:43,13,LG Tablet,1,3,manipulate,5.819,1,,3,2,engine oil
8/8/2014 16:43,13,LG Tablet,2,6,manipulate,5.784,1,,3,2,fuse (exterior)
8/8/2014 16:43,13,LG Tablet,2,1,title,5.096,1,,3,0,fuse (exterior)
8/8/2014 16:43,13,LG Tablet,2,2,locate,4.945,1,Tablet on edge,3,1,fuse (exterior)
8/8/2014 16:43,13,LG Tablet,1,1,title,4.123,1,,3,0,engine oil
8/8/2014 16:43,13,LG Tablet,1,6,manipulate,3.858,1,,3,2,engine oil
8/8/2014 16:43,13,LG Tablet,2,10,title,,,,3,0,fuse (exterior)
,2,Paper,5,1,title,2,,,,,Brake Fluid check
,2,Paper,5,2,locate,12.29,,,,,Brake Fluid check
,2,Paper,5,3,manipulate,8.48,,,,,Brake Fluid check
,2,Paper,5,4,locate,13.27,,,,,Brake Fluid check
,2,Paper,5,5,compare,8.33,,,,,Brake Fluid check
,2,Paper,5,6,manipulate,16.56,,,,,Brake Fluid check
,2,Paper,5,7,title,1.11,,,,,Brake Fluid check
,2,Paper,6,1,title,2.62,,,,,Coolant Level check
,2,Paper,6,2,locate,8.68,,,,,Coolant Level check
,2,Paper,6,3,locate,4.11,,,,,Coolant Level check
,2,Paper,6,4,compare,6.03,,,,,Coolant Level check
,2,Paper,6,5,manipulate,50.29,,,,,Coolant Level check
,2,Paper,6,6,manipulate,3.25,,,,,Coolant Level check
,2,Paper,6,7,title,2.24,,,,,Coolant Level check
,3,Paper,3,1,,,,,,,Air Filter check
,3,Paper,3,2,,,,,,,Air Filter check
,3,Paper,3,3,,,,,,,Air Filter check
,3,Paper,3,4,,,,,,,Air Filter check
,3,Paper,3,5,,,,,,,Air Filter check
,3,Paper,3,6,,,,,,,Air Filter check
,3,Paper,4,1,,,,,,,Head Light check
,3,Paper,4,2,,,,,,,Head Light check
,3,Paper,4,3,,,,,,,Head Light check
,3,Paper,4,4,,,,,,,Head Light check
,3,Paper,4,5,,,,,,,Head Light check
,3,Paper,4,6,,,,,,,Head Light check
,3,Paper,4,7,,,,,,,Head Light check
,4,Paper,1,1,title,1.19,,,,,Engine Oil check
,4,Paper,1,2,locate,3.03,,,,,Engine Oil check
,4,Paper,1,3,manipulate,11.23,,,,,Engine Oil check
,4,Paper,1,4,manipulate,15.25,,,,,Engine Oil check
,4,Paper,1,5,manipulate,11.2,,,,,Engine Oil check
,4,Paper,1,6,manipulate,3.45,,,,,Engine Oil check
,4,Paper,1,7,compare,12.26,,,,,Engine Oil check
,4,Paper,1,8,manipulate,11.02,,,,,Engine Oil check
,4,Paper,1,9,title,3.26,,,,,Engine Oil check
,4,Paper,2,1,title,2.1,,,,,Fuse Box (exterior) check
,4,Paper,2,2,locate,8.13,,,,,Fuse Box (exterior) check
,4,Paper,2,3,manipulate,7.21,,,,,Fuse Box (exterior) check
,4,Paper,2,4,manipulate,11.04,,,,,Fuse Box (exterior) check
,4,Paper,2,5,locate,48.27,,,,,Fuse Box (exterior) check
,4,Paper,2,6,manipulate,6.27,,,,,Fuse Box (exterior) check
,4,Paper,2,7,compare,15.12,,,,,Fuse Box (exterior) check
,4,Paper,2,8,manipulate,6.12,,,,,Fuse Box (exterior) check
,4,Paper,2,9,manipulate,12.11,,,,,Fuse Box (exterior) check
,4,Paper,2,10,title,5.19,,,,,Fuse Box (exterior) check
,5,Paper,7,1,title,2.32,,,,,Battery Level check
,5,Paper,7,2,locate,8.15,,,,,Battery Level check
,5,Paper,7,3,manipulate,9.25,,,,,Battery Level check
,5,Paper,7,4,manipulate,20,,,,,Battery Level check
,5,Paper,7,5,manipulate,7.13,,,,,Battery Level check
,5,Paper,7,6,compare,14.1,,,,,Battery Level check
,5,Paper,7,7,manipulate,7.1,,,,,Battery Level check
,5,Paper,7,8,manipulate,4.12,,,,,Battery Level check
,5,Paper,7,9,title,18.06,,,,,Battery Level check
,5,Paper,8,1,title,1.25,,,,,Fuse Box (interior) check
,5,Paper,8,2,locate,18.12,,,,,Fuse Box (interior) check
,5,Paper,8,3,manipulate,25.29,,,,,Fuse Box (interior) check
,5,Paper,8,4,locate,7.06,,,,,Fuse Box (interior) check
,5,Paper,8,5,manipulate,7.07,,,,,Fuse Box (interior) check
,5,Paper,8,6,compare,11.26,,,,,Fuse Box (interior) check
,5,Paper,8,7,manipulate,16.12,,,,,Fuse Box (interior) check
,5,Paper,8,8,manipulate,14.16,,,,,Fuse Box (interior) check
,5,Paper,8,9,title,1.24,,,,,Fuse Box (interior) check
,6,Paper,5,1,title,3.19,,,,,Brake Fluid check
,6,Paper,5,2,locate,23.06,,,,,Brake Fluid check
,6,Paper,5,3,manipulate,27.05,,,,,Brake Fluid check
,6,Paper,5,4,locate,37.01,,,,,Brake Fluid check
,6,Paper,5,5,compare,16.15,,,,,Brake Fluid check
,6,Paper,5,6,manipulate,2.23,,,,,Brake Fluid check
,6,Paper,5,7,title,6.07,,,,,Brake Fluid check
,6,Paper,6,1,title,3.13,,,,,Coolant Level check
,6,Paper,6,2,locate,30.16,,,,,Coolant Level check
,6,Paper,6,3,locate,19.34,,,,,Coolant Level check
,6,Paper,6,4,compare,2.22,,,,,Coolant Level check
,6,Paper,6,5,manipulate,12.07,,,,,Coolant Level check
,6,Paper,6,6,manipulate,21.07,,,,,Coolant Level check
,6,Paper,6,7,title,13,,,,,Coolant Level check
,7,Paper,3,1,title,2.54,,,,,Air Filter check
,7,Paper,3,2,locate,7.01,,,,,Air Filter check
,7,Paper,3,3,manipulate,18.06,,,,,Air Filter check
,7,Paper,3,4,manipulate,14.11,,,,,Air Filter check
,7,Paper,3,5,compare,4.22,,,,,Air Filter check
,7,Paper,3,6,manipulate,19.13,,,,,Air Filter check
,7,Paper,3,7,manipulate,1.19,,,,,Air Filter check
,7,Paper,3,8,title,4.04,,,,,Air Filter check
,7,Paper,4,1,title,1.15,,,,,Head Light check
,7,Paper,4,2,locate,15.03,,,,,Head Light check
,7,Paper,4,3,manipulate,15.18,,,,,Head Light check
,7,Paper,4,4,manipulate,0.28,,,,,Head Light check
,7,Paper,4,5,manipulate,12.1,,,,,Head Light check
,7,Paper,4,6,compare,18.26,,,,,Head Light check
,7,Paper,4,7,manipulate,3.26,,,,,Head Light check
,7,Paper,4,8,manipulate,20.15,,,,,Head Light check
,7,Paper,4,9,title,1.13,,,,,Head Light check
,8,Paper,1,1,title,2.21,,,,,Engine Oil check
,8,Paper,1,2,locate,6.19,,,,,Engine Oil check
,8,Paper,1,3,manipulate,1.14,,,,,Engine Oil check
,8,Paper,1,4,manipulate,22.06,,,,,Engine Oil check
,8,Paper,1,5,manipulate,5.28,,,,,Engine Oil check
,8,Paper,1,6,manipulate,5.15,,,,,Engine Oil check
,8,Paper,1,7,compare,18.25,,,,,Engine Oil check
,8,Paper,1,8,manipulate,17.25,,,,,Engine Oil check
,8,Paper,1,9,title,1.33,,,,,Engine Oil check
,8,Paper,2,1,title,2.12,,,,,Fuse Box (exterior) check
,8,Paper,2,2,locate,9.14,,,,,Fuse Box (exterior) check
,8,Paper,2,3,manipulate,3.14,,,,,Fuse Box (exterior) check
,8,Paper,2,4,manipulate,8.05,,,,,Fuse Box (exterior) check
,8,Paper,2,5,locate,10.04,,,,,Fuse Box (exterior) check
,8,Paper,2,6,manipulate,3.25,,,,,Fuse Box (exterior) check
,8,Paper,2,7,compare,12.25,,,,,Fuse Box (exterior) check
,8,Paper,2,8,manipulate,6.1,,,,,Fuse Box (exterior) check
,8,Paper,2,9,manipulate,2.26,,,,,Fuse Box (exterior) check
,8,Paper,2,10,title,17.06,,,,,Fuse Box (exterior) check
,9,Paper,7,1,title,8.07,,,,,Battery Level check
,9,Paper,7,2,locate,32.2,,,,,Battery Level check
,9,Paper,7,3,manipulate,0,,,,,Battery Level check
,9,Paper,7,4,manipulate,54.1,,,,,Battery Level check
,9,Paper,7,5,manipulate,1.29,,,,,Battery Level check
,9,Paper,7,6,compare,13.18,,,,,Battery Level check
,9,Paper,7,7,manipulate,15.13,,,,,Battery Level check
,9,Paper,7,8,manipulate,3.28,,,,,Battery Level check
,9,Paper,7,9,title,2.05,,,,,Battery Level check
,9,Paper,8,1,title,15.07,,,,,Fuse Box (interior) check
,9,Paper,8,2,locate,78.25,,,,,Fuse Box (interior) check
,9,Paper,8,3,manipulate,16.02,,,,,Fuse Box (interior) check
,9,Paper,8,4,locate,24.2,,,,,Fuse Box (interior) check
,9,Paper,8,5,manipulate,3.03,,,,,Fuse Box (interior) check
,9,Paper,8,6,compare,11.05,,,,,Fuse Box (interior) check
,9,Paper,8,7,manipulate,1.26,,,,,Fuse Box (interior) check
,9,Paper,8,8,manipulate,4.02,,,,,Fuse Box (interior) check
,9,Paper,8,9,title,3.26,,,,,Fuse Box (interior) check
,10,Paper,5,1,title,2.22,,,,,Brake Fluid check
,10,Paper,5,2,locate,23.19,,,,,Brake Fluid check
,10,Paper,5,3,manipulate,20.12,,,,,Brake Fluid check
,10,Paper,5,4,locate,32,,,,,Brake Fluid check
,10,Paper,5,5,compare,40.29,,,,,Brake Fluid check
,10,Paper,5,6,manipulate,8.03,,,,,Brake Fluid check
,10,Paper,5,7,title,3.28,,,,,Brake Fluid check
,10,Paper,6,1,title,1.04,,,,,Coolant Level check
,10,Paper,6,2,locate,6.22,,,,,Coolant Level check
,10,Paper,6,3,locate,10.18,,,,,Coolant Level check
,10,Paper,6,4,compare,9.08,,,,,Coolant Level check
,10,Paper,6,5,manipulate,90.03,,,,,Coolant Level check
,10,Paper,6,6,manipulate,14.13,,,,,Coolant Level check
,10,Paper,6,7,title,2.21,,,,,Coolant Level check
,11,Paper,3,1,title,,,,,,Air Filter check
,11,Paper,3,2,locate,,,,,,Air Filter check
,11,Paper,3,3,manipulate,13.1,,,,,Air Filter check
,11,Paper,3,4,manipulate,32.03,,,,,Air Filter check
,11,Paper,3,5,compare,5.01,,,,,Air Filter check
,11,Paper,3,6,manipulate,11.21,,,,,Air Filter check
,11,Paper,3,7,manipulate,17.23,,,,,Air Filter check
,11,Paper,3,8,title,3.04,,,,,Air Filter check
,11,Paper,4,1,title,2.07,,,,,Head Light check
,11,Paper,4,2,locate,23.18,,,,,Head Light check
,11,Paper,4,3,manipulate,11.23,,,,,Head Light check
,11,Paper,4,4,manipulate,6.1,,,,,Head Light check
,11,Paper,4,5,manipulate,22.09,,,,,Head Light check
,11,Paper,4,6,compare,8.06,,,,,Head Light check
,11,Paper,4,7,manipulate,15.03,,,,,Head Light check
,11,Paper,4,8,manipulate,59.17,,,,,Head Light check
,11,Paper,4,9,title,3.26,,,,,Head Light check
,12,Paper,1,1,title,3.25,,,,,Engine Oil check
,12,Paper,1,2,locate,2.27,,,,,Engine Oil check
,12,Paper,1,3,manipulate,4.11,,,,,Engine Oil check
,12,Paper,1,4,manipulate,2.2,,,,,Engine Oil check
,12,Paper,1,5,manipulate,2.26,,,,,Engine Oil check
,12,Paper,1,6,manipulate,29.07,,,,,Engine Oil check
,12,Paper,1,7,compare,35.1,,,,,Engine Oil check
,12,Paper,1,8,manipulate,2.1,,,,,Engine Oil check
,12,Paper,1,9,title,3.09,,,,,Engine Oil check
,12,Paper,2,1,title,3.02,,,,,Fuse Box (exterior) check
,12,Paper,2,2,locate,7.15,,,,,Fuse Box (exterior) check
,12,Paper,2,3,manipulate,7.11,,,,,Fuse Box (exterior) check
,12,Paper,2,4,manipulate,6.03,,,,,Fuse Box (exterior) check
,12,Paper,2,5,locate,23.19,,,,,Fuse Box (exterior) check
,12,Paper,2,6,manipulate,6.18,,,,,Fuse Box (exterior) check
,12,Paper,2,7,compare,22.04,,,,,Fuse Box (exterior) check
,12,Paper,2,8,manipulate,7.19,,,,,Fuse Box (exterior) check
,12,Paper,2,9,manipulate,24.15,,,,,Fuse Box (exterior) check
,12,Paper,2,10,title,1.03,,,,,Fuse Box (exterior) check
,13,Paper,7,1,title,2.19,,,,,Battery Level check
,13,Paper,7,2,locate,19.12,,,,,Battery Level check
,13,Paper,7,3,manipulate,20.2,,,,,Battery Level check
,13,Paper,7,4,manipulate,14.6,,,,,Battery Level check
,13,Paper,7,5,manipulate,13.18,,,,,Battery Level check
,13,Paper,7,6,compare,26.11,,,,,Battery Level check
,13,Paper,7,7,manipulate,15.02,,,,,Battery Level check
,13,Paper,7,8,manipulate,5.25,,,,,Battery Level check
,13,Paper,7,9,title,5.24,,,,,Battery Level check
,13,Paper,8,1,title,2.27,,,,,Fuse Box (interior) check
,13,Paper,8,2,locate,13.02,,,,,Fuse Box (interior) check
,13,Paper,8,3,manipulate,23,,,,,Fuse Box (interior) check
,13,Paper,8,4,locate,16.04,,,,,Fuse Box (interior) check
,13,Paper,8,5,manipulate,6.07,,,,,Fuse Box (interior) check
,13,Paper,8,6,compare,6.18,,,,,Fuse Box (interior) check
,13,Paper,8,7,manipulate,12.21,,,,,Fuse Box (interior) check
,13,Paper,8,8,manipulate,11.16,,,,,Fuse Box (interior) check
,13,Paper,8,9,title,0.25,,,,,Fuse Box (interior) check
